{"stats":{"minecraft:custom":{"minecraft:jump":173,"minecraft:open_chest":16,"minecraft:time_since_rest":16813,"minecraft:walk_on_water_one_cm":373,"minecraft:crouch_one_cm":86,"minecraft:leave_game":1,"minecraft:play_time":16813,"minecraft:sprint_one_cm":19470,"minecraft:time_since_death":16813,"minecraft:walk_one_cm":11202,"minecraft:sneak_time":80,"minecraft:climb_one_cm":1046,"minecraft:total_world_time":16813,"minecraft:drop":1,"minecraft:fall_one_cm":5666,"minecraft:fly_one_cm":42680,"minecraft:open_barrel":11},"minecraft:picked_up":{"pixelmon:grepa_berry":1,"minecraft:hay_block":6},"minecraft:mined":{"minecraft:hay_block":7,"minecraft:tall_grass":1},"minecraft:dropped":{"pixelmon:grepa_berry":1}},"DataVersion":3465}